id,uid,date,type1,type2,type3,zd0,zd1,zd2,submit_time,status
29,9446,2015-04-16,104,78,103,0,0,0,2015-06-08 13:01:39,1
45,7119,2015-04-16,60,104,104,1,1,1,2015-06-08 19:26:10,1
47,9915,2015-04-24,61,104,104,1,1,1,2015-06-09 10:26:14,1
48,4548,2015-05-14,65,93,104,1,1,1,2015-06-10 15:46:51,1
51,1200,2015-06-05,53,77,104,1,1,1,2015-06-09 13:56:25,1
52,338,2015-06-05,53,77,104,0,1,1,2015-06-09 14:05:00,1
58,2783,2015-04-27,60,104,104,1,1,1,2015-06-09 16:24:57,1
59,10208,2014-10-31,63,104,104,1,1,1,2015-06-09 16:24:40,1
61,1422,2015-05-29,63,104,104,1,1,1,2015-06-09 16:37:04,1
62,9,2015-04-23,60,104,104,1,1,1,2015-06-09 16:22:01,1
63,104,2015-01-07,54,104,104,1,1,1,2015-06-09 16:24:36,1
65,8527,2015-03-23,65,104,104,1,0,1,2015-06-09 16:30:52,1
69,5360,2015-06-09,54,104,104,1,1,1,2015-06-09 16:57:06,1
78,59061,2015-05-15,61,93,104,1,1,1,2015-06-10 16:11:47,1
80,7182,2015-06-10,60,93,103,0,1,1,2015-06-24 11:27:46,1
83,6866,2015-06-10,63,104,104,1,1,1,2015-06-10 16:49:18,1
88,7749,2015-01-06,53,93,104,0,0,1,2015-06-10 17:25:05,1
93,4807,2014-10-31,63,93,104,0,0,1,2015-06-10 17:35:33,1
94,2970,2015-05-14,63,83,104,0,1,1,2015-06-10 17:37:23,1
100,7233,2015-06-10,54,89,104,0,1,1,2015-06-11 09:45:27,1
107,7473,2015-06-10,53,77,103,0,1,1,2015-06-11 11:04:31,1
116,10384,2015-05-07,61,104,104,1,1,1,2015-06-11 16:40:11,1
117,1436,2015-05-08,61,104,104,1,1,1,2015-06-11 15:18:42,1
129,3216,2015-05-06,60,104,104,1,1,1,2015-06-11 16:40:34,1
130,2519,2015-05-04,54,104,104,1,1,1,2015-06-11 16:43:09,1
131,373,2015-04-02,54,104,104,1,1,1,2015-06-11 16:45:50,1
132,335,2015-04-09,60,104,104,1,1,1,2015-06-11 16:48:43,1
133,337,2015-05-11,60,104,104,1,1,1,2015-06-11 16:51:32,1
136,3238,2015-06-11,54,104,104,1,1,1,2015-06-24 11:55:58,1
138,5181,2015-05-20,54,104,104,1,1,1,2015-06-11 17:16:56,1
140,7042,2015-06-11,63,104,104,1,0,1,2015-06-24 17:25:04,1
142,3353,2015-04-09,61,104,104,1,1,1,2015-06-11 21:59:23,1
145,8834,2015-03-27,60,74,95,0,0,0,2015-06-11 19:34:29,1
149,2788,2015-06-01,60,104,104,1,1,1,2015-06-12 12:40:39,1
151,7073,2015-03-27,60,104,104,1,1,1,2015-06-12 12:55:18,1
154,4512,2015-05-25,60,104,104,1,1,1,2015-06-12 13:08:10,1
162,5503,2015-06-12,54,104,103,1,1,1,2015-06-19 12:37:37,1
174,5242,2015-06-15,54,76,94,0,0,1,2015-06-17 09:25:46,1
175,5170,2015-06-15,60,93,94,1,1,1,2015-06-19 13:34:38,1
177,4694,2015-04-16,53,104,104,0,1,1,2015-06-16 10:17:45,1
178,4805,2015-03-27,61,104,104,0,1,1,2015-06-16 10:22:13,1
181,7671,2015-06-16,54,104,104,1,1,1,2015-06-16 10:41:10,1
189,1441,2015-05-13,63,104,104,1,1,1,2015-06-17 15:47:25,1
193,1699,2015-05-27,60,83,104,1,1,1,2015-06-18 14:02:54,1
197,3363,2015-06-18,63,104,104,1,1,1,2015-06-18 16:41:25,1
201,6343,2015-06-19,60,93,104,1,1,1,2015-06-19 11:47:46,1
202,1288,2015-05-18,54,104,104,0,1,1,2015-06-19 11:57:45,1
204,9200,2015-05-08,61,104,104,0,1,1,2015-06-19 12:32:41,1
205,7764,2015-05-29,54,104,104,0,1,1,2015-06-19 12:44:56,1
208,5564,2016-09-13,54,104,104,1,1,1,2016-09-13 16:26:25,1
209,9793,2015-06-23,54,104,104,1,1,1,2015-06-25 18:06:29,1
212,9076,2015-05-05,61,104,104,1,1,1,2015-06-23 15:58:56,1
217,10275,2015-06-05,54,104,104,1,1,1,2015-06-23 21:52:35,1
225,2735,2015-06-09,53,89,103,0,1,0,2015-06-24 19:34:19,1
226,7821,2015-05-27,63,66,94,1,0,0,2015-06-24 19:51:42,1
229,2802,2015-04-20,58,104,104,1,1,1,2015-06-25 11:15:21,1
230,3268,2015-03-19,61,83,104,1,1,1,2015-06-25 11:20:14,1
233,358,2015-03-19,65,104,104,1,1,1,2015-06-25 12:18:28,1
234,10164,2015-05-26,63,104,104,1,1,1,2015-06-25 13:57:29,1
239,1437,2015-06-05,63,93,104,1,1,1,2015-06-25 18:11:31,1
240,7885,2015-06-05,60,86,94,0,0,1,2015-06-25 18:19:54,1
243,2885,2015-06-24,62,104,104,1,1,1,2015-06-25 18:34:43,1
250,9541,2015-03-10,60,104,104,1,1,1,2015-06-30 08:49:41,1
253,1255,2015-05-12,63,104,104,1,1,1,2015-06-30 09:06:15,1
258,9328,2015-06-30,63,104,104,1,1,1,2015-07-01 13:50:46,1
259,9299,2015-06-30,64,104,104,1,1,1,2015-06-30 10:05:32,1
262,1120,2015-06-29,60,76,94,0,0,0,2015-07-01 08:58:57,1
267,6106,2015-06-30,54,104,104,1,1,1,2015-07-06 11:30:11,1
268,5682,2015-06-30,63,104,104,1,1,1,2015-07-01 14:18:37,1
273,7536,2015-07-02,63,73,95,0,0,0,2015-07-08 14:35:12,1
277,8095,2015-07-07,54,104,104,1,1,1,2015-07-09 12:59:41,1
278,8132,2015-07-07,54,104,104,1,1,1,2015-07-07 10:43:58,1
284,8438,2015-07-08,63,85,104,0,1,1,2015-07-14 15:15:39,1
291,4547,2014-12-18,61,104,104,1,1,1,2015-07-09 12:16:21,1
292,349,2015-01-08,61,104,104,1,1,1,2015-07-09 12:16:07,1
297,6722,2015-07-14,58,93,103,1,1,1,2015-07-21 15:14:47,1
298,8194,2015-07-03,53,93,103,1,1,1,2015-07-17 16:06:35,1
300,6569,2015-07-20,54,104,104,1,1,1,2015-07-21 11:20:06,1
306,10485,2015-03-11,53,84,95,0,0,0,2015-09-05 17:04:17,1
307,5547,2015-09-07,53,74,104,0,0,1,2015-09-07 12:05:24,1
308,7498,2015-09-07,61,104,104,1,1,1,2015-09-07 17:02:11,1
309,4363,2015-09-07,61,104,104,1,1,1,2015-09-07 17:04:25,1
310,5035,2015-09-07,62,104,104,1,1,1,2015-09-07 18:36:46,1
314,7030,2015-09-08,54,104,104,1,1,1,2015-09-08 09:44:19,1
324,4756,2015-09-09,60,93,104,1,1,1,2015-09-09 11:18:53,1
326,8417,2015-09-09,61,104,104,1,1,1,2015-09-09 19:45:32,1
327,9817,2015-09-09,63,104,104,1,1,1,2015-09-09 19:48:52,1
332,9446,2015-09-07,63,104,104,1,1,1,2015-09-10 16:29:31,1
337,7283,2015-09-11,53,104,104,0,1,1,2015-09-14 08:19:23,1
338,8273,2015-09-11,53,104,104,0,1,1,2015-09-14 08:21:22,1
339,18,2015-09-09,60,104,104,1,0,1,2015-09-14 19:09:05,1
345,9647,2015-09-15,61,104,104,1,1,1,2015-09-15 10:11:40,1
349,7256,2015-09-15,53,104,104,1,1,1,2015-09-15 14:13:32,1
361,7190,2015-09-16,63,104,103,0,0,0,2015-09-16 10:18:37,1
365,9,2015-09-15,61,104,104,1,1,1,2015-09-16 15:54:16,1
369,2970,2015-09-17,60,104,104,1,1,1,2015-09-17 17:23:37,1
372,9465,2015-09-18,64,104,104,1,1,1,2015-09-18 10:44:57,1
377,6474,2015-09-18,65,104,104,1,0,1,2015-09-18 17:09:59,1
380,9757,2015-09-16,54,104,104,1,1,1,2015-09-21 09:49:01,1
384,4755,2015-09-21,61,93,104,1,1,1,2015-09-21 16:28:16,1
393,7191,2015-09-22,54,74,104,0,0,1,2015-09-22 11:57:17,1
394,1752,2015-09-22,53,104,104,1,1,1,2015-09-22 13:39:38,1
395,9540,2015-09-22,63,104,104,1,1,1,2015-09-22 15:26:09,1
397,8527,2015-09-22,104,104,104,1,1,1,2015-09-22 16:17:28,1
402,5077,2015-09-22,61,93,104,1,1,1,2015-09-22 16:45:17,1
403,9439,2015-09-22,63,83,104,1,1,1,2015-09-22 16:47:47,1
410,357,2015-09-23,65,104,104,1,1,1,2015-09-23 15:10:41,1
419,1255,2015-09-23,63,74,104,0,1,1,2015-09-25 14:01:13,1
421,6771,2015-09-17,53,104,104,1,1,1,2015-09-25 17:59:08,1
422,3301,2015-09-17,60,104,104,1,1,1,2015-09-25 19:05:28,1
438,5184,2015-09-29,53,93,104,0,1,1,2015-09-29 13:20:04,1
441,4809,2015-09-29,63,104,104,1,1,1,2015-09-29 15:47:17,1
443,346,2015-09-29,53,104,104,0,1,1,2015-09-29 16:48:05,1
444,4771,2015-09-30,60,104,103,0,0,1,2015-09-30 09:39:51,1
447,8527,2015-09-23,53,104,104,1,1,1,2015-09-30 16:03:13,1
456,5338,2015-09-01,53,72,97,0,0,0,2015-10-10 14:18:44,1
459,4504,2015-10-09,54,104,95,1,0,1,2015-10-12 16:30:35,1
460,7063,2015-10-09,65,104,104,1,1,1,2015-10-12 16:37:47,1
467,1124,2015-10-13,60,104,104,1,0,1,2015-10-13 14:10:51,1
469,4791,2015-10-13,61,104,104,1,1,1,2015-10-13 15:28:33,1
474,7840,2015-10-14,54,83,104,0,1,1,2015-10-14 10:03:24,1
490,8140,2015-10-15,63,93,104,1,0,1,2015-10-15 17:45:36,1
493,1168,2015-10-16,60,74,103,0,0,1,2015-10-16 11:39:33,1
494,8859,2015-10-16,61,104,104,1,1,1,2015-10-16 15:05:14,1
496,9947,2015-10-19,61,104,104,1,0,1,2015-10-19 11:32:34,1
497,8339,2015-10-19,53,74,95,0,0,0,2015-10-19 11:36:17,1
499,4800,2015-10-20,60,104,104,1,1,1,2015-10-20 10:45:09,1
503,5122,2015-10-20,63,104,104,1,1,1,2015-10-20 11:38:17,1
504,5281,2015-10-15,54,83,104,0,1,1,2015-10-20 14:31:19,1
520,6016,2015-10-19,65,104,104,1,1,1,2015-10-23 15:40:39,1
522,7495,2015-10-23,61,104,104,1,1,0,2015-10-23 16:47:50,1
532,4947,2015-10-28,54,93,103,0,0,1,2015-10-28 11:05:46,1
533,2574,2015-10-28,63,83,104,0,0,1,2015-10-28 11:19:12,1
537,4836,2015-10-28,63,104,104,1,1,1,2015-10-29 07:52:09,1
550,7068,2015-10-30,53,74,95,0,0,0,2015-10-30 14:25:06,1
556,7032,2015-11-02,63,93,104,1,0,1,2015-11-02 16:32:49,1
560,7904,2015-11-03,60,104,104,1,1,1,2015-11-03 09:44:44,1
570,6230,2015-11-06,63,81,104,1,1,1,2015-11-06 09:31:02,1
573,10039,2015-11-05,54,104,104,1,1,1,2015-11-06 13:36:09,1
575,9986,2015-11-06,53,104,104,0,1,1,2015-11-06 16:33:02,1
576,9177,2015-11-06,53,104,104,0,1,1,2015-11-06 16:33:42,1
589,10488,2015-11-10,63,104,104,1,1,1,2015-11-10 15:42:32,1
590,337,2015-11-11,62,104,104,1,1,1,2015-11-11 16:39:27,1
597,7695,2015-11-13,53,104,104,1,1,1,2015-11-13 18:12:38,1
601,7119,2015-11-17,53,104,104,0,1,1,2015-11-17 14:43:39,1
602,9540,2015-11-17,53,104,104,0,0,0,2015-11-17 20:45:31,1
604,4339,2015-11-18,60,93,104,1,0,1,2015-11-18 10:58:47,1
605,2961,2015-11-18,63,83,104,0,1,1,2015-11-18 11:29:29,1
611,3330,2015-11-19,61,104,104,1,1,1,2015-11-19 16:49:20,1
615,8827,2015-11-20,53,89,104,0,0,1,2015-11-20 14:32:48,1
622,8024,2015-11-24,62,104,95,1,0,1,2015-11-24 15:57:33,1
626,9492,2015-11-26,54,93,104,1,1,1,2015-11-26 10:18:11,1
627,5440,2015-11-26,63,104,103,1,0,1,2015-11-26 16:12:59,1
629,8998,2015-11-26,54,104,104,1,1,1,2015-11-26 15:59:08,1
632,1506,2015-11-27,61,104,104,1,1,1,2015-11-27 11:56:36,1
635,9439,2015-11-30,53,93,104,0,1,1,2015-11-30 09:49:28,1
636,10021,2015-11-30,54,104,104,1,1,1,2015-11-30 16:08:19,1
640,4497,2015-12-01,53,93,104,0,1,1,2015-12-01 11:43:06,1
641,3126,2015-12-01,63,83,104,0,1,1,2015-12-01 14:18:28,1
644,4406,2015-12-01,63,74,103,0,0,0,2015-12-01 15:34:05,1
646,202,2015-12-01,63,74,103,0,0,0,2015-12-01 16:38:42,1
649,3191,2015-11-30,63,74,95,0,0,0,2015-12-02 10:55:52,1
660,175,2015-12-04,53,85,104,0,1,1,2015-12-04 15:06:01,1
661,175,2015-12-04,53,85,104,0,1,1,2015-12-04 15:06:01,1
664,8921,2015-12-07,53,81,104,0,0,1,2015-12-07 12:09:49,1
666,9438,2015-12-07,54,104,104,1,0,1,2015-12-07 12:14:08,1
672,10160,2015-12-08,63,74,104,0,0,1,2015-12-08 11:34:48,1
682,4572,2015-12-10,54,104,104,1,1,1,2015-12-10 16:37:45,1
685,9734,2015-12-10,54,104,104,1,1,1,2015-12-10 17:22:05,1
687,103,2015-12-11,53,93,104,0,1,1,2015-12-11 14:36:24,1
689,4462,2015-12-11,53,93,104,0,0,0,2015-12-11 17:06:49,1
690,1120,2015-12-14,53,93,104,0,1,1,2015-12-14 09:29:04,1
695,425,2015-12-16,61,104,103,0,0,1,2015-12-16 11:04:49,1
701,5690,2015-12-17,53,93,104,0,1,1,2015-12-17 09:44:56,1
703,3171,2015-12-17,53,93,104,0,1,1,2015-12-17 09:48:44,1
715,4363,2015-12-18,53,104,104,0,1,1,2015-12-18 17:20:08,1
718,10103,2015-12-21,63,74,95,0,0,0,2015-12-21 17:02:32,1
721,8233,2015-12-21,54,104,104,1,1,1,2015-12-22 12:54:05,1
723,9860,2015-12-22,63,104,104,1,0,1,2015-12-22 15:21:33,1
726,8466,2015-12-23,54,83,104,1,1,1,2015-12-23 10:50:39,1
728,4600,2015-12-23,53,104,95,0,0,0,2015-12-23 11:39:37,1
731,1670,2015-12-24,53,74,95,0,0,0,2015-12-24 11:41:29,1
732,9794,2015-12-24,63,74,95,0,0,0,2015-12-24 16:47:26,1
734,9301,2015-12-24,65,93,104,1,1,1,2015-12-25 09:08:06,1
741,7304,2015-12-25,54,93,104,0,1,1,2015-12-25 14:22:49,1
742,8245,2015-12-25,53,77,95,0,0,0,2015-12-25 15:26:26,1
743,8245,2015-12-25,53,77,95,0,0,0,2015-12-25 15:26:26,1
748,69728,2015-12-28,62,104,104,1,0,1,2015-12-28 17:28:09,1
749,5929,2015-12-29,58,104,104,1,0,1,2015-12-29 15:39:38,1
750,8960,2015-12-29,63,104,94,1,0,1,2015-12-29 15:55:13,1
751,5545,2015-12-29,63,85,104,1,1,1,2015-12-29 16:16:24,1
758,7767,2015-12-31,54,73,103,0,0,1,2015-12-31 14:48:49,1
759,49249,2015-12-31,54,83,103,0,0,1,2015-12-31 14:51:31,1
767,4856,2016-01-05,54,104,104,1,1,1,2016-01-05 10:20:01,1
773,8838,2016-01-06,53,74,95,0,0,1,2016-01-07 08:22:40,1
775,5689,2016-01-07,53,93,104,0,1,1,2016-01-07 11:35:42,1
781,7373,2016-01-08,63,104,95,1,0,0,2016-01-08 17:31:46,1
787,4589,2016-01-13,53,83,104,0,1,1,2016-01-13 15:24:16,1
790,5324,2016-01-15,53,93,104,0,1,1,2016-01-15 14:52:36,1
793,7304,2016-02-26,53,93,104,0,1,1,2016-02-26 14:14:17,1
798,10103,2016-02-26,53,93,104,0,1,1,2016-02-26 14:19:13,1
800,9439,2016-02-26,53,93,104,0,1,1,2016-02-26 14:21:58,1
801,8233,2016-02-26,53,93,104,0,1,1,2016-02-26 14:22:49,1
806,8998,2016-02-26,53,93,104,0,1,1,2016-02-26 14:38:35,1
807,8140,2016-02-26,53,93,104,0,1,1,2016-02-26 14:42:41,1
808,4947,2016-02-26,53,93,104,0,1,1,2016-02-26 14:43:50,1
809,10488,2016-02-26,53,93,104,0,1,1,2016-02-26 14:44:55,1
813,5689,2016-02-26,53,93,103,0,1,1,2016-02-26 15:42:16,1
819,7695,2016-02-29,53,104,104,1,1,1,2016-02-29 16:09:38,1
821,9200,2016-02-29,63,104,95,1,1,0,2016-02-29 16:31:18,1
822,9263,2016-03-01,54,104,104,1,1,1,2016-03-01 09:40:10,1
825,8904,2016-03-01,63,74,104,1,1,1,2016-03-01 10:58:49,1
835,6928,2016-03-01,54,83,104,0,1,1,2016-03-01 15:12:55,1
841,9446,2016-03-02,61,104,104,1,1,1,2016-03-02 09:41:49,1
842,3268,2016-03-02,63,104,104,1,1,1,2016-03-02 10:17:01,1
846,10144,2016-03-02,61,104,104,1,1,1,2016-03-02 11:07:51,1
847,4547,2016-03-02,61,83,104,1,1,1,2016-03-02 11:26:13,1
855,10167,2016-03-02,63,104,104,1,1,1,2016-03-02 17:21:35,1
860,7281,2016-03-03,53,104,104,1,1,1,2016-03-03 16:53:05,1
861,7327,2016-03-03,53,104,104,1,0,1,2016-03-03 17:00:01,1
862,1463,2016-03-03,53,104,104,1,1,1,2016-03-03 17:13:17,1
864,7209,2016-03-03,53,74,104,0,1,1,2016-03-04 09:34:40,1
868,9162,2016-03-04,60,104,104,1,1,1,2016-03-04 09:56:48,1
874,9501,2016-03-04,53,93,104,0,1,1,2016-03-04 15:28:44,1
877,7624,2016-03-04,53,93,103,0,1,1,2016-03-04 17:03:52,1
878,337,2016-03-07,53,93,104,0,1,1,2016-03-07 08:42:19,1
879,2685,2016-03-07,53,93,95,0,0,0,2016-03-07 08:55:35,1
882,7741,2016-03-07,54,104,104,1,1,1,2016-03-07 12:23:16,1
888,1110,2016-03-07,63,74,104,0,0,1,2016-03-07 17:09:46,1
894,4836,2016-03-08,53,104,103,0,1,1,2016-03-08 10:10:03,1
896,4755,2016-03-08,53,93,103,0,1,1,2016-03-08 10:44:49,1
899,10161,2016-03-08,63,104,104,1,1,1,2016-03-08 14:28:14,1
900,7344,2016-03-08,63,101,104,1,1,0,2016-03-08 14:55:44,1
902,7833,2016-03-08,61,104,104,1,1,1,2016-03-08 15:38:32,1
903,6622,2016-03-08,63,83,104,0,1,1,2016-03-08 15:57:14,1
904,9732,2016-03-08,62,104,104,1,1,1,2016-03-08 16:52:48,1
906,6791,2016-03-09,53,104,103,0,0,0,2016-03-09 09:33:10,1
911,4698,2016-03-09,53,104,104,0,0,1,2016-03-09 11:22:41,1
916,7474,2016-03-10,53,74,104,0,0,1,2016-03-10 15:14:30,1
917,7858,2016-03-10,53,93,103,0,1,1,2016-03-10 15:16:16,1
920,8717,2016-03-10,65,104,104,1,1,1,2016-03-10 16:31:22,1
929,6569,2016-03-11,63,83,103,0,1,1,2016-03-11 13:58:53,1
933,346,2016-03-14,53,93,104,0,1,1,2016-03-14 08:51:08,1
935,69728,2016-03-14,53,93,103,0,0,1,2016-03-14 08:55:53,1
937,8246,2016-03-14,53,83,104,0,0,1,2016-03-14 11:35:30,1
941,5342,2016-03-14,54,74,95,0,0,0,2016-03-14 17:03:16,1
943,6652,2016-03-14,54,104,104,1,0,1,2016-03-14 17:25:13,1
945,9886,2016-03-15,61,104,104,1,0,1,2016-03-15 09:51:39,1
949,349,2016-03-15,53,104,104,0,1,1,2016-03-15 13:11:25,1
954,4865,2016-03-16,60,104,104,0,1,1,2016-03-16 10:33:31,1
955,4562,2016-03-16,53,104,104,0,1,1,2016-03-16 10:50:50,1
959,7714,2016-03-17,53,104,104,1,1,1,2016-03-17 15:07:05,1
963,4685,2016-03-18,62,104,104,1,1,1,2016-03-18 10:22:11,1
966,3305,2016-03-18,63,83,104,0,0,1,2016-03-18 15:13:55,1
975,8306,2016-03-21,63,74,95,0,0,0,2016-03-21 17:33:49,1
976,1752,2016-03-22,61,104,104,1,1,1,2016-03-22 09:51:44,1
978,6929,2016-03-22,63,104,104,1,0,1,2016-03-22 16:01:14,1
980,4811,2016-03-22,65,74,95,0,0,0,2016-03-22 17:16:47,1
981,4756,2016-03-01,62,104,104,1,1,1,2016-03-23 08:00:01,1
982,1021,2016-03-23,53,104,104,0,1,1,2016-03-23 11:36:02,1
985,9757,2016-03-24,65,104,104,1,1,1,2016-03-24 12:52:05,1
986,69729,2016-03-24,63,93,104,1,0,1,2016-03-24 17:14:02,1
987,727,2016-03-24,63,104,104,1,0,1,2016-03-24 17:20:42,1
992,2567,2016-03-25,53,104,104,0,1,1,2016-03-25 16:22:05,1
996,8044,2016-03-28,53,93,104,0,1,1,2016-03-28 15:41:31,1
998,7327,2016-03-29,53,104,104,1,1,1,2016-03-29 16:08:31,1
1000,6153,2016-03-30,53,104,104,0,1,1,2016-03-30 11:09:59,1
1003,9477,2016-03-31,63,104,104,1,1,1,2016-03-31 16:43:22,1
1004,8851,2016-03-31,63,67,103,0,0,0,2016-03-31 18:54:20,1
1007,6809,2016-03-31,60,76,103,0,1,1,2016-03-31 18:59:33,1
1008,2970,2016-03-31,62,74,104,0,1,1,2016-03-31 19:01:16,1
1013,9691,2016-03-31,53,74,94,0,1,1,2017-03-07 12:38:36,1
1014,5035,2016-04-05,60,104,104,1,0,1,2016-04-05 10:47:10,1
1016,6046,2016-04-05,63,104,104,1,0,1,2016-04-05 11:28:15,1
1019,8857,2016-04-05,63,74,95,0,1,0,2016-04-05 17:36:04,1
1023,4705,2016-04-06,62,104,104,1,1,1,2016-04-06 15:45:49,1
1028,672,2016-04-07,60,104,104,1,1,1,2016-04-07 16:50:06,1
1034,7569,2016-04-11,54,104,104,1,1,1,2016-04-11 14:39:15,1
1037,7032,2016-04-11,54,74,104,0,1,1,2016-04-11 16:13:23,1
1038,1307,2016-04-12,53,104,95,1,0,0,2016-04-12 11:18:59,1
1040,1749,2016-04-12,63,73,104,0,0,1,2016-04-12 16:18:10,1
1042,4616,2016-04-13,63,104,104,1,1,1,2016-04-13 11:13:41,1
1045,5226,2016-04-13,63,104,104,1,1,1,2016-04-13 16:20:44,1
1047,5281,2016-04-14,53,104,104,1,1,1,2016-04-14 16:57:36,1
1048,2591,2016-04-15,63,104,104,1,1,1,2016-04-15 10:58:52,1
1053,8620,2016-04-15,53,104,104,1,1,1,2016-04-15 16:26:38,1
1055,6756,2016-04-18,54,104,104,1,0,1,2016-04-18 10:39:50,1
1056,7290,2016-04-18,54,104,104,1,0,1,2016-04-18 10:58:07,1
1057,8416,2016-04-18,63,104,104,1,1,1,2016-04-18 15:33:42,1
1063,8504,2016-04-18,53,104,104,1,1,1,2016-04-20 08:05:12,1
1066,8223,2016-04-20,63,74,95,0,0,0,2016-04-20 10:30:57,1
1072,8301,2016-04-21,60,104,104,1,1,1,2016-04-21 15:28:10,1
1086,7030,2016-04-26,53,104,104,1,1,1,2016-04-26 16:11:25,1
1090,7233,2016-04-26,63,74,95,1,0,0,2016-04-27 10:28:17,1
1093,5689,2016-04-28,53,104,104,1,1,1,2016-04-28 14:43:33,1
1111,8114,2016-05-03,63,74,95,0,1,0,2016-05-03 18:54:17,1
1113,9878,2016-05-04,63,83,103,0,0,1,2016-05-04 13:44:50,1
1117,5173,2016-05-04,61,104,104,1,1,1,2016-05-04 19:49:06,1
1122,5778,2016-05-05,60,74,104,0,0,1,2016-05-05 16:40:42,1
1123,6912,2016-05-05,60,104,104,1,1,1,2016-05-05 16:43:39,1
1125,7190,2016-05-06,63,104,95,0,0,0,2016-05-06 12:53:33,1
1127,8239,2016-05-09,60,78,95,0,0,0,2016-05-09 09:56:58,1
1139,3142,2016-05-13,63,104,104,1,1,1,2016-05-13 10:51:34,1
1143,3869,2016-05-13,63,104,104,1,0,1,2016-05-13 15:57:55,1
1145,9886,2016-05-13,53,104,104,1,1,1,2016-05-13 20:22:27,1
1149,6866,2016-05-16,54,104,104,1,1,1,2016-05-16 14:53:44,1
1153,3382,2016-05-16,54,104,104,1,0,1,2016-05-16 17:39:41,1
1156,1200,2016-05-17,53,93,104,1,0,1,2016-05-17 14:42:12,1
1158,8107,2016-05-18,53,104,104,1,1,1,2016-05-18 09:53:03,1
1162,212,2016-05-18,61,104,104,1,1,1,2016-05-18 16:12:32,1
1164,2735,2016-05-19,53,89,103,0,0,1,2016-05-19 16:34:58,1
1167,8589,2016-05-20,53,104,104,1,1,1,2016-05-20 14:27:05,1
1171,8140,2016-05-23,53,85,104,0,1,1,2016-05-23 09:29:14,1
1172,2807,2016-05-23,61,77,104,1,0,1,2016-05-23 09:55:43,1
1180,6270,2016-05-25,53,104,95,0,0,0,2016-05-25 11:14:12,1
1182,4504,2016-05-25,53,104,104,1,1,1,2016-05-25 14:00:15,1
1185,9615,2016-05-25,60,78,104,0,0,0,2016-05-25 16:58:38,1
1189,18,2016-05-30,53,104,104,1,1,1,2016-05-30 10:52:14,1
1190,8921,2016-05-30,53,104,104,1,1,1,2016-05-30 10:53:37,1
1204,5181,2016-06-02,63,104,104,1,1,1,2016-06-02 14:41:34,1
1206,8342,2016-06-02,54,77,103,0,1,1,2016-06-02 20:57:35,1
1207,7105,2016-06-02,60,74,95,0,0,0,2016-06-02 21:01:35,1
1209,7025,2016-06-03,61,83,104,1,1,1,2016-06-03 16:49:54,1
1211,3308,2016-06-06,63,104,104,1,1,1,2016-06-06 16:34:35,1
1214,9362,2016-06-07,54,104,104,1,1,1,2016-06-07 11:16:11,1
1215,7055,2016-06-07,63,104,104,1,1,1,2016-06-07 14:04:22,1
1219,9951,2016-06-08,63,104,103,1,0,1,2016-06-08 16:13:57,1
1243,7241,2016-06-21,55,104,94,1,0,0,2016-06-21 09:51:52,1
1244,7235,2016-06-21,53,104,104,1,1,1,2016-06-21 10:48:11,1
1246,8366,2016-06-21,54,104,104,1,1,1,2016-06-21 15:36:47,1
1248,8233,2016-06-22,54,104,104,1,1,1,2016-06-22 14:18:06,1
1249,7883,2016-06-23,63,104,95,1,1,1,2016-06-23 15:17:34,1
1250,10064,2016-06-24,54,77,95,0,0,1,2016-06-24 15:17:40,1
1252,10103,2016-06-27,53,92,104,0,0,0,2016-06-27 09:54:46,1
1253,1362,2016-06-27,65,104,104,1,1,1,2016-06-27 15:27:32,1
1256,7,2016-06-28,53,104,104,1,1,1,2016-06-28 10:37:45,1
1266,7916,2016-07-04,63,104,95,1,1,0,2016-07-04 15:55:25,1
1268,7570,2016-07-04,61,104,104,1,1,1,2016-07-04 16:47:10,1
1270,1441,2016-07-19,63,104,104,1,1,1,2016-07-19 15:30:59,1
1271,2811,2016-07-21,53,89,104,0,0,0,2016-07-21 10:16:56,1
1272,2863,2016-07-22,53,77,95,0,1,1,2016-07-22 15:39:37,1
1275,3145,2016-08-29,53,85,95,0,0,0,2016-08-29 13:35:41,1
1277,4809,2016-08-29,53,93,104,1,1,1,2016-08-29 13:44:50,1
1278,6341,2016-08-29,54,104,104,1,1,1,2016-08-30 10:17:21,1
1283,5550,2016-09-01,60,104,104,1,1,1,2016-09-01 10:40:27,1
1286,5689,2016-09-01,53,104,104,1,1,1,2016-09-01 15:26:31,1
1287,7233,2016-09-01,53,104,104,1,1,1,2016-09-01 15:43:57,1
1289,4318,2016-09-01,60,104,104,1,1,1,2016-09-01 17:09:24,1
1291,3383,2016-09-02,63,104,104,1,0,1,2016-09-02 10:21:45,1
1302,7773,2016-09-07,54,83,104,0,1,1,2016-09-07 09:31:42,1
1303,7885,2016-09-07,65,86,103,0,0,1,2016-09-07 09:44:51,1
1304,6292,2016-09-07,62,104,104,1,1,1,2016-09-07 14:36:53,1
1305,876,2016-09-07,60,101,95,0,0,0,2016-09-07 17:47:42,1
1307,6726,2016-09-08,65,104,95,1,0,1,2016-09-08 10:42:25,1
1308,4947,2016-09-08,53,104,104,1,1,1,2016-09-08 10:45:12,1
1311,5790,2016-09-08,53,93,104,1,0,1,2016-09-08 16:35:06,1
1312,3305,2016-09-08,63,83,104,1,1,1,2016-09-08 22:21:07,1
1313,5231,2016-09-09,63,104,104,1,1,1,2016-09-09 11:34:34,1
1316,5338,2016-09-12,53,104,104,1,1,1,2016-09-12 09:32:24,1
1319,8504,2016-09-12,53,93,104,1,1,1,2016-09-12 13:58:45,1
1320,9465,2016-09-12,65,104,104,1,1,1,2016-09-12 14:27:46,1
1325,9793,2016-09-12,53,104,104,1,1,1,2016-09-12 16:03:10,1
1326,6341,2016-09-13,53,93,104,1,1,1,2016-09-13 09:25:04,1
1332,8507,2016-09-13,63,104,104,1,1,1,2016-09-13 15:45:24,1
1339,8306,2016-09-14,53,104,104,1,1,1,2016-09-14 13:36:33,1
1348,5487,2016-09-16,63,74,104,0,0,1,2016-09-16 15:39:47,1
1355,8778,2016-09-19,54,104,104,1,0,1,2016-09-19 12:27:07,1
1358,5351,2016-09-19,54,104,104,1,1,1,2016-09-19 16:33:38,1
1363,7032,2016-09-20,63,104,104,1,1,1,2016-09-20 14:02:06,1
1365,9294,2016-09-20,62,104,104,1,1,1,2016-09-20 16:04:37,1
1368,9309,2016-09-21,60,104,104,1,1,1,2016-09-21 16:13:09,1
1369,8791,2016-09-21,60,104,104,1,0,1,2016-09-21 16:22:43,1
1370,1270,2016-09-21,54,74,104,0,0,0,2016-09-21 18:06:50,1
1373,8044,2016-09-22,53,104,104,1,1,1,2016-09-22 10:33:07,1
1380,4755,2016-09-22,53,104,104,1,1,1,2016-09-22 13:41:02,1
1390,1263,2016-09-23,63,74,95,0,0,0,2016-09-23 15:32:34,1
1395,4918,2016-09-24,65,93,103,0,0,1,2016-09-24 11:44:31,1
1402,4367,2016-09-21,53,104,104,1,1,1,2016-09-26 14:05:47,1
1410,8294,2016-09-27,63,104,104,1,0,1,2016-09-27 11:45:59,1
1411,1255,2016-09-27,63,104,104,1,1,1,2016-09-27 12:01:46,1
1412,8199,2016-09-27,63,104,104,1,1,1,2016-09-27 14:22:17,1
1415,7237,2016-09-27,63,104,104,1,1,1,2016-09-27 16:18:14,1
1420,9252,2016-09-28,62,104,104,1,0,1,2016-09-28 15:22:13,1
1423,4924,2016-09-28,54,104,104,1,1,1,2016-09-28 16:38:16,1
1427,9351,2016-09-29,60,104,103,1,0,1,2016-09-29 16:49:06,1
1432,7442,2016-09-30,63,83,104,0,0,1,2016-09-30 16:34:57,1
1433,7209,2016-09-30,53,104,104,1,1,1,2016-09-30 20:41:21,1
1435,6915,2016-10-10,53,104,104,1,1,1,2016-10-10 10:47:22,1
1444,3171,2016-10-11,53,104,104,1,1,1,2016-10-11 15:03:35,1
1448,8780,2016-10-11,63,104,104,1,0,1,2016-10-11 17:03:25,1
1452,5351,2016-10-12,53,104,104,1,1,1,2016-10-12 10:56:21,1
1453,8904,2016-10-12,53,74,104,0,0,1,2016-10-12 12:15:10,1
1461,7695,2016-10-13,54,104,104,1,1,1,2016-10-13 14:33:35,1
1463,8623,2016-10-13,65,104,104,1,1,1,2016-10-13 17:04:42,1
1474,6531,2016-10-14,53,104,95,1,0,0,2016-10-14 16:32:43,1
1476,7674,2016-10-17,63,104,104,1,1,1,2016-10-17 10:40:54,1
1483,8377,2016-10-18,60,104,104,1,1,1,2016-10-18 10:09:56,1
1486,200,2016-10-18,63,104,104,1,0,1,2016-10-18 11:52:17,1
1492,5497,2016-10-19,53,104,104,1,1,1,2016-10-19 09:37:33,1
1498,5130,2016-10-19,60,74,104,0,0,1,2016-10-19 15:09:13,1
1499,2873,2016-10-19,63,74,95,0,0,0,2016-10-19 16:21:10,1
1506,7930,2016-10-20,61,104,104,1,1,1,2016-10-20 17:19:29,1
1514,7956,2016-10-21,63,74,95,0,0,0,2016-10-21 16:18:51,1
1528,4806,2016-10-26,61,104,104,1,1,1,2016-10-26 15:12:08,1
1539,1455,2016-10-27,53,104,104,1,1,1,2016-10-27 16:08:34,1
1542,8679,2016-10-27,61,104,104,1,1,1,2016-10-27 16:48:30,1
1546,7632,2016-10-28,53,59,104,0,1,1,2016-10-28 14:57:09,1
1547,7238,2016-10-28,53,74,95,0,0,0,2016-10-28 15:55:27,1
1548,5594,2016-10-28,53,80,95,0,0,0,2016-10-28 16:14:40,1
1553,4361,2016-10-31,53,104,104,1,1,1,2016-11-01 10:17:42,1
1554,3386,2016-11-01,63,104,104,1,1,1,2016-11-01 15:07:57,1
1559,6598,2016-11-02,53,85,104,0,1,1,2016-11-02 11:23:55,1
1564,8374,2016-11-03,63,104,104,1,0,0,2016-11-03 19:51:15,1
1570,7069,2016-09-29,53,74,95,0,1,0,2016-11-04 16:14:32,1
1595,9753,2016-11-11,63,104,95,1,0,0,2016-11-11 12:18:29,1
1603,6689,2016-11-14,60,104,104,1,1,1,2016-11-14 16:03:24,1
1604,9410,2016-11-14,63,104,104,1,1,1,2016-11-15 10:26:53,1
1610,7732,2016-11-07,53,104,104,1,1,1,2016-11-16 08:21:22,1
1612,4559,2016-11-16,53,104,104,1,0,1,2016-11-16 10:40:34,1
1614,6555,2016-11-16,63,104,104,1,1,1,2016-11-16 16:13:03,1
1632,9328,2016-11-22,54,104,104,1,1,1,2016-11-22 15:38:37,1
1635,4821,2016-11-23,53,104,104,1,0,1,2016-11-23 11:30:45,1
1636,2957,2016-11-23,53,74,95,0,0,1,2016-11-23 11:55:25,1
1643,10039,2016-11-24,54,104,104,1,1,1,2016-11-24 11:55:24,1
1644,9562,2016-11-24,63,104,104,1,0,1,2016-11-24 12:32:10,1
1651,2735,2016-11-25,53,104,104,1,1,1,2016-11-25 14:23:52,1
1654,9580,2016-11-21,61,104,104,1,1,1,2016-11-28 09:18:53,1
1660,9914,2016-11-29,63,93,103,1,1,1,2016-11-29 22:25:11,1
1662,8521,2016-11-30,53,104,104,1,1,1,2016-11-30 09:49:48,1
1664,6935,2016-11-30,53,104,104,1,1,1,2016-11-30 13:17:04,1
1669,7327,2016-12-01,53,104,104,1,1,1,2016-12-01 13:33:40,1
1670,9341,2016-12-01,54,104,104,1,1,1,2016-12-01 16:15:40,1
1677,5619,2016-12-02,63,83,104,0,1,1,2016-12-02 16:01:36,1
1679,9950,2016-12-05,65,104,104,1,1,1,2016-12-05 14:59:17,1
1688,7759,2016-12-06,63,104,104,1,1,1,2016-12-06 15:01:09,1
1696,103,2016-12-07,53,74,95,0,0,0,2016-12-08 07:31:42,1
1702,1133,2016-12-08,61,104,104,1,1,1,2016-12-08 16:25:52,1
1714,8868,2016-12-12,53,104,104,1,1,1,2016-12-12 16:57:12,1
1720,3130,2016-12-13,53,93,103,1,1,1,2016-12-14 11:01:22,1
1722,4501,2016-12-14,60,104,104,1,1,1,2016-12-14 14:40:59,1
1729,3313,2016-12-15,60,74,104,0,0,1,2016-12-15 15:32:46,1
1731,103,2016-12-15,53,93,104,1,1,1,2016-12-15 15:49:03,1
1737,5186,2016-12-16,63,74,103,0,0,0,2016-12-16 16:36:03,1
1742,9766,2016-12-19,63,104,104,1,0,1,2016-12-19 19:43:25,1
1744,4805,2016-12-20,61,104,104,1,1,1,2016-12-20 14:06:34,1
1749,3305,2016-12-21,53,93,104,1,1,1,2016-12-21 11:43:54,1
1752,1259,2016-12-23,63,83,104,0,0,1,2016-12-23 15:28:56,1
1760,7190,2016-12-29,53,104,104,1,1,1,2016-12-29 13:29:44,1
1764,9911,2016-12-29,62,104,104,1,1,1,2016-12-29 16:44:06,1
1766,6976,2016-12-30,53,104,104,1,1,1,2016-12-30 14:27:09,1
1790,9259,2017-01-10,54,104,104,1,1,1,2017-01-10 16:50:26,1
1793,5245,2017-01-09,53,74,104,0,0,1,2017-01-12 13:24:45,1
1797,8564,2017-01-04,53,104,104,1,1,1,2017-01-17 10:46:45,1
1804,2735,2017-02-20,53,104,104,1,1,1,2017-02-20 14:55:50,1
1805,3313,2017-02-20,53,104,104,1,1,1,2017-02-20 14:56:33,1
1807,8306,2017-02-20,53,104,104,1,1,1,2017-02-20 14:58:51,1
1809,6292,2017-02-20,53,104,104,1,1,1,2017-02-20 15:03:00,1
1810,3308,2017-02-20,53,104,104,1,1,1,2017-02-20 15:04:10,1
1812,8712,2017-02-20,53,91,104,0,1,1,2017-02-20 16:13:41,1
1823,7119,2017-02-21,63,104,104,1,1,1,2017-02-21 15:43:08,1
1827,4947,2017-02-22,53,104,104,1,1,1,2017-02-22 09:10:30,1
1829,1270,2017-02-22,54,74,95,0,0,0,2017-02-22 09:50:00,1
1831,7831,2017-02-22,63,83,103,0,1,1,2017-02-22 10:38:45,1
1834,8457,2017-02-22,63,74,103,0,1,1,2017-02-22 11:40:30,1
1840,10160,2017-02-22,53,104,104,1,1,1,2017-02-22 18:36:57,1
1842,4559,2017-02-23,53,104,104,1,1,1,2017-02-23 09:16:19,1
1843,7674,2017-02-23,53,104,104,1,1,1,2017-02-23 09:32:25,1
1845,8811,2017-02-23,60,104,104,1,1,1,2017-02-23 10:15:51,1
1847,7916,2017-02-23,53,104,104,1,1,1,2017-02-23 13:34:34,1
1852,8449,2017-02-23,63,92,95,0,0,0,2017-02-23 17:03:24,1
1857,9368,2017-02-24,65,104,104,1,1,1,2017-02-24 13:24:32,1
1858,4483,2017-02-24,65,104,104,1,1,1,2017-02-24 13:30:27,1
1865,4946,2017-02-27,53,74,104,0,0,0,2017-02-27 09:52:32,1
1875,5615,2017-02-28,54,104,104,1,0,1,2017-02-28 14:13:47,1
1876,7632,2017-02-28,53,104,104,1,1,1,2017-02-28 14:27:26,1
1879,5039,2017-02-28,63,93,95,1,0,0,2017-03-01 09:06:14,1
1884,4537,2017-02-28,53,93,103,1,1,1,2017-03-01 11:12:15,1
1887,5763,2017-03-01,65,104,104,1,1,1,2017-03-01 14:38:07,1
1895,179,2017-03-02,54,104,104,1,1,1,2017-03-02 11:39:06,1
1899,103,2017-03-02,53,104,104,1,1,1,2017-03-02 14:40:58,1
1901,8460,2017-03-02,53,104,104,1,1,1,2017-03-02 15:25:22,1
1902,7030,2017-03-02,53,104,104,1,1,1,2017-03-02 16:19:00,1
1906,5338,2017-03-03,60,74,103,0,0,0,2017-03-03 11:14:26,1
1907,4947,2017-03-03,53,104,104,1,1,1,2017-03-03 12:53:08,1
1909,9286,2017-03-03,63,74,104,0,0,1,2017-03-03 14:38:19,1
1923,6999,2017-03-07,63,104,104,1,1,1,2017-03-07 16:22:27,1
1934,2818,2017-03-08,65,104,97,1,1,0,2017-03-08 16:46:48,1
1942,6800,2017-03-10,60,104,104,1,0,1,2017-03-10 10:47:54,1
1948,9691,2017-03-11,53,104,104,1,1,1,2017-03-11 08:22:10,1
1950,6935,2017-03-08,53,104,104,1,1,1,2017-03-13 11:25:08,1
1952,9448,2017-02-28,53,104,104,1,1,1,2017-03-13 16:24:08,1
1953,6896,2017-03-13,63,104,104,1,1,1,2017-03-13 16:52:10,1
1961,6173,2017-03-15,65,104,104,1,1,1,2017-03-15 16:13:52,1
1966,2566,2017-03-16,62,76,104,0,1,1,2017-03-16 16:34:11,1
1973,6891,2017-03-20,63,93,95,0,0,0,2017-03-20 16:12:30,1
1974,9181,2017-03-20,63,104,104,1,1,1,2017-03-20 16:15:32,1
1977,4453,2017-03-21,63,85,104,1,1,1,2017-03-21 14:14:14,1
1983,9128,2017-03-22,63,89,95,0,0,0,2017-03-22 11:11:41,1
1991,9449,2017-03-08,53,104,104,1,1,1,2017-03-24 11:27:15,1
1998,7833,2017-03-21,54,104,104,1,0,1,2017-03-27 10:29:54,1
2012,7915,2017-03-29,53,77,104,0,1,1,2017-03-29 10:30:09,1
2018,5370,2017-03-29,63,104,104,1,0,0,2017-03-29 16:51:31,1
2023,7943,2017-03-30,63,74,95,0,0,0,2017-03-30 15:38:11,1
2025,9932,2017-03-30,65,104,104,1,1,1,2017-03-30 16:07:10,1
2026,5141,2017-03-30,54,104,104,1,1,1,2017-03-30 16:36:43,1
2027,3874,2017-03-31,54,83,103,0,0,0,2017-03-31 15:37:39,1
2030,8934,2017-03-08,53,104,104,1,1,1,2017-04-03 14:18:16,1
2032,8090,2017-04-03,62,104,104,1,1,1,2017-04-03 15:06:45,1
2033,8208,2017-04-03,63,104,104,1,1,1,2017-04-03 15:09:25,1
2036,4549,2017-04-05,53,104,104,1,0,1,2017-04-05 09:37:16,1
2037,8504,2017-04-05,53,104,104,1,1,1,2017-04-05 16:46:42,1
2038,4395,2017-04-06,60,104,104,1,1,1,2017-04-06 10:09:02,1
2040,8364,2017-04-06,54,83,104,0,0,1,2017-04-06 14:36:49,1
2042,6889,2017-04-07,60,104,104,1,1,1,2017-04-07 11:11:57,1
2044,7741,2017-04-07,54,74,95,0,0,0,2017-04-07 15:47:02,1
2056,7283,2017-04-12,63,104,104,1,1,1,2017-04-12 15:33:12,1
2062,8152,2017-04-13,54,83,104,0,0,1,2017-04-13 16:00:53,1
2071,7262,2017-04-17,53,74,95,0,0,0,2017-04-17 16:35:29,1
2072,4780,2017-04-17,54,104,104,1,0,1,2017-04-17 16:39:15,1
2074,4407,2017-04-18,60,93,104,1,1,1,2017-04-18 11:14:33,1
2078,4908,2017-04-18,63,93,104,0,0,1,2017-04-18 15:19:23,1
2079,4909,2017-04-18,63,83,104,0,0,1,2017-04-18 15:29:35,1
2085,3738,2017-04-19,53,104,104,1,0,0,2017-04-19 11:33:05,1
2086,3305,2017-04-19,53,104,104,1,1,1,2017-04-19 11:45:29,1
2088,4504,2017-04-19,53,104,104,1,1,1,2017-04-19 16:40:08,1
2089,9493,2017-03-13,54,104,104,1,1,1,2017-04-19 16:57:01,1
2092,9272,2017-04-20,60,93,104,1,1,1,2017-04-20 15:51:30,1
2093,7860,2017-04-20,63,74,95,0,0,0,2017-04-20 16:41:37,1
2099,4755,2017-04-24,53,104,104,1,1,1,2017-04-24 12:00:04,1
2100,7238,2017-04-24,53,104,104,1,1,1,2017-04-24 14:58:48,1
2104,7602,2017-04-26,63,104,104,1,0,1,2017-04-26 14:53:33,1
2106,7556,2017-04-26,65,104,104,1,0,1,2017-04-26 16:49:05,1
2107,5244,2017-04-27,63,73,95,1,1,0,2017-04-27 14:40:52,1
2113,4837,2017-04-28,60,104,104,1,1,1,2017-04-28 11:26:51,1
2115,4992,2017-04-28,63,83,103,0,1,1,2017-04-28 15:26:39,1
2120,5587,2017-05-03,53,104,104,1,1,1,2017-05-03 11:07:45,1
2121,3846,2017-05-03,53,104,104,1,0,1,2017-05-03 11:36:13,1
2123,7741,2017-05-03,53,104,104,1,1,1,2017-05-03 11:54:24,1
2126,6627,2017-05-03,60,104,104,1,1,1,2017-05-03 15:25:26,1
2131,6153,2017-05-05,53,104,104,1,1,1,2017-05-05 08:44:20,1
2136,8417,2017-05-05,63,83,104,0,1,1,2017-05-05 15:20:22,1
2137,8417,2017-05-05,63,83,104,0,1,1,2017-05-05 15:20:22,1
2144,9953,2017-04-13,62,93,104,0,1,1,2017-05-09 11:19:36,1
2149,8161,2017-05-10,53,104,104,1,1,1,2017-05-10 09:55:49,1
2155,9685,2017-05-10,64,104,95,1,0,0,2017-05-10 16:00:58,1
2163,7352,2017-05-12,54,104,95,1,0,0,2017-05-12 10:53:44,1
2164,5258,2017-05-12,63,74,95,0,0,1,2017-05-12 11:21:41,1
2174,7473,2017-05-16,53,104,104,1,0,1,2017-05-16 10:11:05,1
2175,8506,2017-05-16,54,104,104,1,1,1,2017-05-16 15:10:16,1
2176,237,2017-05-16,63,104,104,1,1,1,2017-05-16 15:35:57,1
2177,152,2017-05-17,53,104,104,1,1,1,2017-05-17 10:26:53,1
2181,9554,2017-05-18,60,104,104,1,1,1,2017-05-18 12:13:38,1
2183,8254,2017-05-19,63,104,104,1,1,1,2017-05-19 09:38:08,1
2193,1452,2017-05-23,60,104,104,1,1,1,2017-05-23 11:41:53,1
2194,7282,2017-05-23,61,104,104,1,1,1,2017-05-23 15:07:16,1
2196,3310,2017-05-24,53,104,104,1,0,1,2017-05-24 09:48:52,1
2200,6555,2017-05-24,65,104,104,1,0,1,2017-05-24 16:53:39,1
2201,4398,2017-05-25,60,104,104,1,1,1,2017-05-25 16:05:49,1
2202,4396,2017-05-25,63,104,104,1,1,1,2017-05-25 16:12:41,1
2205,5363,2017-05-26,63,74,103,0,0,0,2017-05-26 14:25:51,1
2209,6673,2017-05-29,62,104,104,1,1,1,2017-05-29 16:15:50,1
2214,7563,2017-05-31,53,104,104,1,1,1,2017-05-31 15:12:17,1
2215,7553,2017-05-31,63,104,104,1,0,0,2017-05-31 15:15:58,1
2216,9028,2017-05-31,53,104,104,1,1,1,2017-05-31 15:26:28,1
2220,2841,2017-06-01,53,104,104,1,1,1,2017-06-01 15:16:08,1
2227,4896,2017-06-02,63,74,95,0,0,0,2017-06-02 15:18:47,1
2229,3332,2017-06-02,60,83,97,0,0,0,2017-06-02 16:14:24,1
2230,6224,2017-06-05,53,85,104,0,0,1,2017-06-05 16:08:55,1
2234,10039,2017-06-06,53,104,104,1,1,1,2017-06-06 10:09:44,1
2245,3879,2017-06-09,63,104,104,1,0,1,2017-06-09 14:04:50,1
2249,8366,2017-06-13,54,104,104,1,1,1,2017-06-13 15:48:04,1
2251,7884,2017-06-15,53,104,104,1,1,1,2017-06-15 11:29:43,1
2252,9188,2017-06-15,63,104,104,1,1,1,2017-06-15 15:27:13,1
2253,8078,2017-06-15,53,104,104,1,1,1,2017-06-15 15:55:19,1
2254,51279,2017-06-15,53,104,104,1,1,1,2017-06-15 15:58:34,1
2258,7692,2017-06-19,53,104,104,1,1,1,2017-06-19 11:46:51,1
2261,5177,2017-06-20,54,104,104,1,1,1,2017-06-20 15:46:51,1
2264,8099,2017-06-08,63,104,104,1,1,1,2017-06-22 13:24:27,1
2267,5835,2017-06-27,53,75,95,0,0,0,2017-06-27 15:47:27,1
2268,4755,2017-06-28,53,104,104,1,1,1,2017-06-28 08:56:42,1
2269,7208,2017-06-28,63,104,104,1,1,1,2017-06-28 15:18:15,1
2275,9390,2017-06-28,53,104,104,1,1,1,2017-07-10 14:10:05,1
2282,8634,2017-08-25,53,93,95,1,1,1,2017-08-25 10:39:52,1
2284,9521,2017-08-25,54,74,95,0,0,0,2017-08-25 12:04:02,1
2286,6578,2017-08-28,60,104,104,1,1,1,2017-08-28 14:37:08,1
2287,6829,2017-08-28,54,104,104,1,0,0,2017-08-28 15:04:43,1
2288,5120,2017-08-28,54,104,104,1,1,1,2017-08-28 15:20:39,1
2291,6557,2017-08-29,54,104,104,1,1,1,2017-08-29 16:18:51,1
2295,5835,2017-08-30,53,104,104,1,1,1,2017-08-30 11:37:53,1
2299,4990,2017-08-30,54,104,104,1,1,1,2017-08-30 16:30:36,1
2300,1463,2017-08-31,53,104,104,1,1,1,2017-08-31 09:57:44,1
2301,8364,2017-08-31,53,104,104,1,1,1,2017-08-31 11:14:23,1
2310,6975,2017-09-05,63,104,95,0,0,0,2017-09-05 11:58:31,1
2311,7724,2017-09-05,55,104,104,1,1,1,2017-09-05 16:15:52,1
2313,7977,2017-09-05,55,104,104,1,1,1,2017-09-05 16:17:05,1
2319,9550,2017-09-06,60,104,104,1,1,1,2017-09-06 15:00:12,1
2327,5039,2017-09-08,53,104,104,1,1,1,2017-09-08 11:02:40,1
2337,7327,2017-09-08,63,74,103,0,1,1,2017-09-08 15:56:34,1
2342,8306,2017-09-11,53,104,104,1,1,1,2017-09-11 09:41:57,1
2346,8716,2017-09-11,53,83,104,0,0,1,2017-09-11 11:39:11,1
2353,5462,2017-09-12,63,132,97,0,0,0,2017-09-12 11:51:43,1
2359,9465,2017-09-12,64,104,104,1,1,1,2017-09-12 16:41:55,1
2364,6423,2017-09-13,53,104,104,1,1,1,2017-09-13 11:23:28,1
2371,7190,2017-09-13,53,74,95,0,1,0,2017-09-13 23:01:21,1
2372,7695,2017-09-11,54,104,104,1,0,1,2017-09-14 00:31:51,1
2381,7394,2017-09-14,63,74,95,0,0,0,2017-09-14 16:37:04,1
2390,7344,2017-09-15,63,74,95,0,0,0,2017-09-15 16:49:11,1
2392,8103,2017-09-18,54,104,104,1,0,1,2017-09-18 11:02:26,1
2404,7238,2017-09-19,53,104,104,1,1,1,2017-09-19 11:50:49,1
2405,3682,2017-09-19,61,104,104,1,1,1,2017-09-19 14:28:09,1
2406,7030,2017-09-19,53,104,104,1,1,1,2017-09-19 15:06:43,1
2411,5245,2017-09-20,53,74,104,0,0,1,2017-09-20 10:19:18,1
2420,3363,2017-09-21,63,104,104,1,1,1,2017-09-21 11:37:41,1
2430,8460,2017-09-22,53,104,104,1,1,1,2017-09-22 16:54:08,1
2431,9448,2017-09-19,53,75,95,0,1,0,2017-09-24 00:20:55,1
2433,7783,2017-09-25,53,104,104,1,0,1,2017-09-25 09:34:06,1
2439,9757,2017-09-26,63,104,104,1,0,1,2017-09-26 10:28:33,1
2447,5464,2017-09-27,104,74,95,0,0,0,2017-09-27 11:42:28,1
2463,10103,2017-09-09,53,74,95,0,1,1,2017-10-03 01:13:11,1
2467,7033,2017-10-09,63,104,104,1,1,1,2017-10-09 16:59:42,1
2475,5440,2017-10-11,53,104,104,1,1,1,2017-10-11 12:01:40,1
2491,7032,2017-10-16,53,104,104,1,1,1,2017-10-16 08:37:00,1
2496,5132,2017-10-16,61,104,104,1,1,1,2017-10-16 10:54:05,1
2498,5184,2017-10-17,63,104,104,1,0,1,2017-10-17 10:02:09,1
2503,9299,2017-10-18,53,83,104,0,1,1,2017-10-18 09:33:38,1
2506,6557,2017-10-18,53,104,104,1,1,1,2017-10-18 11:47:47,1
2523,9181,2017-10-23,53,104,104,1,1,1,2017-10-23 16:34:35,1
2535,252,2017-10-24,54,104,104,0,0,1,2017-10-24 12:17:19,1
2539,6122,2017-10-24,60,104,104,1,0,1,2017-10-24 14:37:14,1
2542,10161,2017-10-26,63,104,104,0,0,1,2017-10-26 12:31:22,1
2543,8794,2017-10-26,60,104,104,1,1,1,2017-10-26 12:37:47,1
2550,8904,2017-10-27,63,74,103,0,0,0,2017-10-27 14:59:34,1
2559,5174,2017-11-01,60,104,104,1,1,1,2017-11-01 15:04:59,1
2562,103,2017-11-02,53,104,104,1,1,1,2017-11-02 11:31:21,1
2563,9661,2017-11-02,60,104,104,1,1,1,2017-11-02 14:36:50,1
2579,7220,2017-11-07,62,104,104,1,1,1,2017-11-07 08:22:27,1
